City_ID,City,Country,Lat,Lng,Max Temp,Humidity,Cloudiness,Wind Speed,Current Description
0,Kalmunai,LK,7.42,81.82,78.31,81,75,9.64,broken clouds
1,Atuona,PF,-9.80,-139.03,76.75,71,36,18.7,scattered clouds
2,Ushuaia,AR,-54.80,-68.30,53.26,35,40,11.5,scattered clouds
3,Shimoda,JP,34.67,138.95,66.11,80,64,12.19,broken clouds
4,Hobart,AU,-42.88,147.33,45.27,88,75,10.36,broken clouds
5,Hudiksvall,SE,61.73,17.10,43.16,89,72,6.08,broken clouds
6,Ilulissat,GL,69.22,-51.10,35.62,87,75,2.3,broken clouds
7,Barrow,US,71.29,-156.79,33.82,86,100,13.8,mist
8,Adrar,MR,20.50,-10.07,91.83,22,6,14.61,clear sky
9,Mazatlan,MX,23.22,-106.42,89.91,76,0,8.01,clear sky
10,Rikitea,PF,-23.12,-134.97,72.66,66,0,9.24,clear sky
11,Saint-Augustin,CA,51.23,-58.65,49.3,87,100,12.26,overcast clouds
12,Cidreira,BR,-30.18,-50.21,60.51,67,99,13.53,overcast clouds
13,Andros Town,BS,24.70,-77.77,84.16,67,100,13.71,light rain
14,Ajdabiya,LY,30.76,20.23,84.76,36,13,7.56,few clouds
15,Aljezur,PT,37.32,-8.80,63.09,81,40,14.83,scattered clouds
16,Cape Town,ZA,-33.93,18.42,61.09,87,0,9.22,clear sky
17,Acarau,BR,-2.89,-40.12,78.21,79,58,16.91,broken clouds
18,Punta Arenas,CL,-53.15,-70.92,51.91,50,20,24.16,few clouds
19,Souillac,MU,-20.52,57.52,68.38,88,40,6.91,scattered clouds
20,Hofn,IS,64.25,-15.21,47.3,96,100,19.66,overcast clouds
21,Isangel,VU,-19.55,169.27,78.91,94,75,6.91,broken clouds
22,Whyalla,AU,-33.03,137.58,54.59,70,83,5.32,broken clouds
23,Araouane,ML,18.90,-3.53,98.35,16,7,8.88,clear sky
24,Lagoa,PT,39.05,-27.98,67.5,65,6,5.46,clear sky
25,Busselton,AU,-33.65,115.33,55.27,72,0,12.8,clear sky
26,Mataura,NZ,-46.19,168.86,45.91,61,58,1.07,broken clouds
27,Pacific Grove,US,36.62,-121.92,82.38,81,0,10.36,clear sky
28,Nome,US,64.50,-165.41,44.67,70,100,13.8,overcast clouds
29,Port Elizabeth,ZA,-33.92,25.57,65.1,90,75,8.05,broken clouds
30,Bluff,NZ,-46.60,168.33,46.54,50,57,5.3,broken clouds
31,Torbay,CA,47.67,-52.73,58.75,93,100,6.91,overcast clouds
32,Faya,SA,18.39,42.45,66.31,22,2,5.93,clear sky
33,Avarua,CK,-21.21,-159.78,75.25,73,75,11.5,broken clouds
34,Sorland,NO,67.67,12.69,49.86,71,100,5.28,overcast clouds
35,Iqaluit,CA,63.75,-68.51,31.73,93,100,15.01,light snow
36,Constitucion,CL,-35.33,-72.42,55.13,84,83,5.1,broken clouds
37,Kindersley,CA,51.47,-109.17,77.02,29,100,17.27,overcast clouds
38,Tiarei,PF,-17.53,-149.33,84.22,74,6,13.8,clear sky
39,Nanortalik,GL,60.14,-45.24,40.69,92,92,15.57,overcast clouds
40,Verkhnyaya Inta,RU,65.98,60.31,26.98,77,13,5.84,few clouds
41,Hithadhoo,MV,-0.60,73.08,81.54,74,92,11.83,overcast clouds
42,Bouar,CF,5.93,15.60,64.65,97,99,2.8,overcast clouds
43,New Norfolk,AU,-42.78,147.06,44.92,65,26,0.96,scattered clouds
44,Pierre,US,44.37,-100.35,88.72,23,0,19.57,clear sky
45,Wainwright,CA,52.84,-110.86,76.75,23,100,16.82,overcast clouds
46,Neiafu,TO,-18.65,-173.98,77.68,78,40,6.91,scattered clouds
47,Vaini,TO,-21.20,-175.20,77.16,73,20,11.5,few clouds
48,Kedrovyy,RU,56.17,91.82,28.87,96,88,3.8,overcast clouds
49,Castro,BR,-24.79,-50.01,51.4,95,100,7.99,overcast clouds
50,Dikson,RU,73.51,80.55,34.66,77,68,17.74,broken clouds
51,Cascavel,BR,-24.96,-53.46,67.6,73,75,6.91,moderate rain
52,Nikolskoye,RU,59.70,30.79,46.8,97,100,4.07,overcast clouds
53,Korla,CN,41.76,86.15,64.02,27,38,17.9,scattered clouds
54,Meulaboh,ID,4.14,96.13,75.04,97,100,9.82,light rain
55,Saint-Pierre,RE,-21.34,55.48,69.48,78,40,13.8,scattered clouds
56,Ribeira Grande,PT,38.52,-28.70,69.03,61,49,2.17,scattered clouds
57,Mahebourg,MU,-20.41,57.70,68.29,88,40,6.91,scattered clouds
58,Airai,TL,-8.93,125.41,62.02,89,44,0.85,scattered clouds
59,Port Alfred,ZA,-33.59,26.89,61.18,95,100,3.0,overcast clouds
60,Tuktoyaktuk,CA,69.45,-133.04,33.8,86,75,19.57,broken clouds
61,Ixtapa,MX,20.70,-105.20,89.22,74,40,9.22,scattered clouds
62,Vestmannaeyjar,IS,63.44,-20.27,48.81,94,100,18.68,light rain
63,Albany,US,42.60,-73.97,59.41,66,3,4.45,clear sky
64,Tadine,NC,-21.55,167.88,76.75,69,100,14.23,overcast clouds
65,Kamina,CD,-8.74,24.99,66.87,76,95,2.68,overcast clouds
66,Okhotsk,RU,59.38,143.30,36.9,68,99,13.29,overcast clouds
67,Norman Wells,CA,65.28,-126.83,50.04,53,40,14.97,scattered clouds
68,Saskylakh,RU,71.92,114.08,23.09,97,100,6.51,overcast clouds
69,Ust-Ordynskiy,RU,52.80,104.75,37.15,92,98,6.15,overcast clouds
70,San Patricio,US,28.02,-97.52,92.16,30,0,7.52,clear sky
71,Port-Gentil,GA,-0.72,8.78,75.16,88,20,4.61,few clouds
72,Luderitz,NA,-26.65,15.16,57.02,82,0,13.82,clear sky
73,Banda Aceh,ID,5.56,95.32,78.42,85,100,15.21,moderate rain
74,Teeli,RU,51.03,90.23,25.54,78,100,0.67,light snow
75,Jamestown,US,42.10,-79.24,56.84,48,0,5.75,clear sky
76,Hatillo,PR,18.49,-66.83,79.38,93,93,2.51,overcast clouds
77,Ahipara,NZ,-35.17,173.17,62.44,96,100,8.66,moderate rain
78,Hay River,CA,60.82,-115.80,48.18,57,75,6.91,broken clouds
79,Bethel,US,41.37,-73.41,64.27,64,20,10.36,few clouds
80,Saint George,US,37.10,-113.58,92.79,26,0,5.99,clear sky
81,Weinan,CN,34.50,109.51,69.48,48,100,0.92,overcast clouds
82,Itambacuri,BR,-18.03,-41.69,76.66,67,94,10.47,overcast clouds
83,Willowmore,ZA,-33.29,23.49,61.61,74,100,8.9,overcast clouds
84,Sayhat,SA,26.49,50.04,79.0,42,0,4.16,clear sky
85,Yellowknife,CA,62.46,-114.35,45.12,65,75,11.5,broken clouds
86,Nevsehir,TR,38.92,34.67,56.41,63,0,5.75,clear sky
87,Cherskiy,RU,68.75,161.30,28.78,52,25,5.73,scattered clouds
88,Catuday,PH,16.29,119.81,78.55,82,92,6.08,overcast clouds
89,Skjervoy,NO,70.03,20.97,41.0,71,10,13.2,clear sky
90,Santa Isabel,BR,-23.32,-46.22,60.51,97,100,6.24,overcast clouds
91,East London,ZA,-33.02,27.91,66.27,90,100,17.78,light rain
92,Inirida,CO,3.87,-67.92,83.82,71,100,2.86,overcast clouds
93,Hilo,US,19.73,-155.09,94.28,71,20,10.0,few clouds
94,Cabo San Lucas,MX,22.89,-109.91,93.61,71,1,5.14,clear sky
95,Malanje,AO,-9.54,16.34,65.75,89,44,3.69,scattered clouds
96,Aguada De Pasajeros,CU,22.39,-80.85,80.89,83,100,7.34,moderate rain
97,Cabedelo,BR,-6.98,-34.83,79.47,80,49,12.91,scattered clouds
98,Chokurdakh,RU,70.63,147.92,23.52,83,93,3.83,overcast clouds
99,Camopi,GF,3.17,-52.32,85.3,46,64,7.25,broken clouds
100,Saint-Philippe,RE,-21.36,55.77,69.39,84,54,14.65,light rain
101,Moranbah,AU,-22.00,148.05,65.88,40,0,15.12,clear sky
102,Gat,IL,31.61,34.76,81.39,75,0,3.91,clear sky
103,Sao Filipe,CV,14.90,-24.50,80.26,82,9,12.39,clear sky
104,Eureka,US,40.80,-124.16,79.66,77,1,8.99,clear sky
105,La Ronge,CA,55.10,-105.28,64.65,59,40,13.8,scattered clouds
106,Lebu,CL,-37.62,-73.65,51.91,85,100,13.22,overcast clouds
107,Bengkulu,ID,-3.80,102.27,73.89,90,98,4.29,overcast clouds
108,Kodiak,US,57.79,-152.41,53.11,76,75,11.5,broken clouds
109,Bereznik,RU,62.86,42.71,33.94,97,100,8.34,light snow
110,Namatanai,PG,-3.67,152.43,83.01,64,92,8.19,overcast clouds
111,Kizner,RU,56.27,51.51,40.59,96,100,7.83,overcast clouds
112,Salmas,IR,38.20,44.77,63.36,18,0,4.12,clear sky
113,Kem,RU,64.96,34.58,37.17,90,100,7.49,overcast clouds
114,Puerto Del Rosario,ES,28.50,-13.86,73.15,60,75,19.57,broken clouds
115,Brokopondo,SR,4.75,-55.17,85.8,57,40,7.65,scattered clouds
116,Marti,CU,22.95,-80.92,79.88,79,100,11.36,overcast clouds
117,Labuhan,ID,-6.88,112.21,77.74,81,100,7.78,overcast clouds
118,Dwarka,IN,22.24,68.97,79.88,71,27,6.64,scattered clouds
119,Kamenka,RU,51.32,42.77,54.48,78,96,4.23,overcast clouds
120,Dukat,RU,62.55,155.55,27.55,93,100,4.83,light snow
121,Tasiilaq,GL,65.61,-37.64,35.76,82,99,6.38,overcast clouds
122,San Quintin,MX,30.48,-115.95,76.12,66,5,7.02,clear sky
123,Krasnogvardeyskiy,RU,57.38,62.32,24.62,82,6,3.8,clear sky
124,Akyab,MM,20.15,92.90,79.14,91,100,2.04,moderate rain
125,Knysna,ZA,-34.04,23.05,60.31,94,100,3.98,overcast clouds
126,Santana Do Mundau,BR,-9.17,-36.22,66.97,91,50,4.74,scattered clouds
127,Bukoba,TZ,-1.33,31.81,67.98,83,0,6.91,clear sky
128,Samarai,PG,-10.62,150.67,82.04,76,5,8.93,clear sky
129,Grand-Bourg,GP,15.88,-61.31,78.75,83,100,5.61,overcast clouds
130,Soure,BR,-0.72,-48.52,80.67,77,36,13.22,scattered clouds
131,Atambua,ID,-9.11,124.89,75.43,83,87,1.01,overcast clouds
132,Usinsk,RU,65.99,57.53,26.56,74,10,8.75,clear sky
133,Port Moresby,PG,-9.44,147.18,76.42,94,75,11.5,broken clouds
134,Yar-Sale,RU,66.83,70.83,32.32,69,100,3.71,overcast clouds
135,Provideniya,RU,64.38,-173.30,41.36,65,0,11.01,clear sky
136,Hohhot,CN,40.81,111.65,50.29,71,0,4.47,clear sky
137,Mar Del Plata,AR,-38.00,-57.56,57.09,66,0,13.8,clear sky
138,Nybro,SE,56.74,15.91,48.04,94,99,3.89,overcast clouds
139,Ponta Do Sol,PT,32.67,-17.10,72.23,77,31,4.74,scattered clouds
140,Sanford,US,28.80,-81.27,71.6,94,100,25.32,overcast clouds
141,Mahina,PF,-17.51,-149.49,83.97,65,20,19.57,few clouds
142,Butaritari,KI,3.07,172.79,82.36,77,100,18.45,light rain
143,Antalaha,MG,-14.90,50.28,64.58,83,0,7.11,clear sky
144,Khatanga,RU,71.97,102.50,27.7,98,100,4.38,overcast clouds
145,Kamaishi,JP,39.27,141.88,66.85,72,45,3.47,scattered clouds
146,Kruisfontein,ZA,-34.00,24.73,62.89,89,100,9.98,overcast clouds
147,Hambantota,LK,6.12,81.12,77.34,100,20,6.91,few clouds
148,Sault Sainte Marie,CA,46.52,-84.33,61.09,53,40,8.05,scattered clouds
149,Pevek,RU,69.70,170.31,27.99,61,0,3.91,clear sky
150,Warrnambool,AU,-38.38,142.48,53.51,80,86,10.0,overcast clouds
151,Nyuksenitsa,RU,60.41,44.24,35.42,99,100,6.15,overcast clouds
152,Cambrils,ES,41.07,1.05,67.05,49,20,11.5,few clouds
153,Oranjemund,NA,-28.55,16.43,55.65,95,6,5.12,clear sky
154,Srednekolymsk,RU,67.45,153.68,26.51,65,67,11.48,broken clouds
155,Gravelbourg,CA,49.88,-106.55,88.07,13,100,13.6,overcast clouds
156,Mbuji-Mayi,CD,-6.15,23.60,67.86,94,73,3.29,moderate rain
157,Chaah,MY,2.25,103.05,74.5,96,100,1.41,overcast clouds
158,Flin Flon,CA,54.77,-101.86,64.24,63,75,10.36,broken clouds
159,Ouesso,CG,1.61,16.05,69.3,97,24,1.83,light rain
160,Alegre,BR,-20.76,-41.53,67.51,96,100,4.0,overcast clouds
161,Waddan,LY,29.16,16.14,84.92,42,32,12.75,scattered clouds
162,Maniitsoq,GL,65.42,-52.90,36.79,99,100,14.97,light rain
163,Qaanaaq,GL,77.48,-69.36,12.22,78,43,7.63,scattered clouds
164,Kapaa,US,22.08,-159.32,85.98,64,20,10.36,few clouds
165,Acapulco,MX,16.86,-99.89,85.82,70,75,4.61,broken clouds
166,Zhigansk,RU,66.77,123.37,25.72,80,97,8.28,overcast clouds
167,Puerto Ayora,EC,-0.74,-90.35,78.76,92,59,8.01,broken clouds
168,Verkhnechusovskiye Gorodki,RU,58.17,57.11,28.49,78,9,9.8,clear sky
169,Alice Springs,AU,-23.70,133.88,63.21,40,88,8.05,overcast clouds
170,Vila Velha,BR,-20.33,-40.29,71.55,93,100,10.36,overcast clouds
171,Upernavik,GL,72.79,-56.15,18.93,86,15,8.28,few clouds
172,Yulara,AU,-25.24,130.99,63.18,30,100,9.78,light rain
173,Viedma,AR,-40.81,-63.00,66.02,36,1,13.58,clear sky
174,Wolgast,DE,54.05,13.77,53.49,55,100,6.49,overcast clouds
175,Ippy,CF,6.27,21.22,68.5,96,98,3.11,overcast clouds
176,Zhezkazgan,KZ,47.80,67.71,34.57,32,47,13.51,scattered clouds
177,Ambon,ID,-3.70,128.18,75.34,94,20,5.75,few clouds
178,Basoko,CD,1.24,23.62,71.2,91,16,2.42,light rain
179,Romny,UA,50.75,33.47,54.63,72,100,9.6,light rain
180,Lahaina,US,20.88,-156.68,87.8,85,17,6.44,few clouds
181,Nantucket,US,41.28,-70.10,62.74,62,20,16.11,few clouds
182,Aykhal,RU,66.00,111.50,17.78,96,100,5.08,overcast clouds
183,Georgetown,MY,5.41,100.34,78.89,93,20,3.44,few clouds
184,Vaitape,PF,-16.52,-151.75,78.76,70,17,17.4,few clouds
185,Itarema,BR,-2.92,-39.92,77.97,79,68,15.32,broken clouds
186,Bull Savanna,JM,17.89,-77.59,79.39,78,100,2.53,overcast clouds
187,Kimbe,PG,-5.55,150.14,81.99,75,85,3.58,overcast clouds
188,Esperance,AU,-33.87,121.90,50.68,86,0,10.85,clear sky
189,Muravlenko,RU,63.79,74.52,25.81,81,9,8.19,clear sky
190,Vermilion,US,40.17,-87.75,67.55,49,1,3.0,clear sky
191,Portland,US,45.52,-122.68,70.84,78,75,8.05,broken clouds
192,Mount Gambier,AU,-37.83,140.77,49.42,92,80,7.7,broken clouds
193,Bambanglipuro,ID,-7.95,110.28,76.17,86,100,6.64,overcast clouds
194,Arraial Do Cabo,BR,-22.97,-42.03,67.86,83,100,12.66,mist
195,Tiksi,RU,71.69,128.87,19.04,93,100,5.14,overcast clouds
196,Touros,BR,-5.20,-35.46,77.09,74,73,14.58,broken clouds
197,Talcahuano,CL,-36.72,-73.12,55.08,76,75,8.05,broken clouds
198,Jalu,LY,29.03,21.55,89.31,16,0,10.63,clear sky
199,Oleksandrivka,UA,48.96,32.23,60.8,80,100,8.16,light rain
200,Kaa-Khem,RU,51.68,94.73,35.74,69,97,6.49,overcast clouds
201,Port Lincoln,AU,-34.73,135.87,54.57,81,100,11.5,overcast clouds
202,Fairbanks,US,64.84,-147.72,57.31,48,40,0.0,scattered clouds
203,Ca Mau,VN,9.18,105.15,75.58,94,99,4.74,light rain
204,Senanga,ZM,-16.12,23.27,74.37,28,90,5.59,overcast clouds
205,Nivala,FI,63.92,24.97,36.68,98,100,3.83,overcast clouds
206,Merauke,ID,-8.47,140.33,79.43,84,98,9.44,overcast clouds
207,Poum,NC,-20.23,164.02,77.7,79,100,21.05,overcast clouds
208,Victoria,HK,22.29,114.16,83.32,87,95,8.01,overcast clouds
209,Thompson,CA,55.74,-97.86,60.96,44,75,12.66,broken clouds
210,Vostok,RU,46.49,135.88,51.03,88,10,5.23,clear sky
211,Berlevag,NO,70.86,29.09,40.95,75,0,10.36,clear sky
212,Chuy,UY,-33.70,-53.46,53.69,80,99,5.41,overcast clouds
213,Riyadh,SA,24.69,46.72,78.94,16,0,3.94,clear sky
214,Kaitangata,NZ,-46.28,169.85,45.43,61,57,3.96,broken clouds
215,Port Hardy,CA,50.70,-127.42,57.38,94,75,5.75,mist
216,Beringovskiy,RU,63.05,179.32,36.25,56,33,7.76,scattered clouds
217,Hermanus,ZA,-34.42,19.23,56.8,89,99,8.68,overcast clouds
218,Thinadhoo,MV,0.53,72.93,79.68,78,100,6.2,overcast clouds
219,Jutiapa,GT,14.28,-89.90,74.8,87,81,3.11,broken clouds
220,Hasaki,JP,35.73,140.83,68.4,61,95,5.86,overcast clouds
221,Port Hedland,AU,-20.32,118.57,68.05,77,3,6.91,clear sky
222,Coxim,BR,-18.51,-54.76,78.15,66,100,5.41,overcast clouds
223,Markova,UA,48.68,24.41,52.43,95,96,1.59,overcast clouds
224,Pemangkat,ID,1.17,108.97,77.5,86,99,2.71,overcast clouds
225,Sioux Lookout,CA,50.10,-91.92,66.27,42,40,9.22,scattered clouds
226,Dickinson,US,29.46,-95.05,87.17,36,0,9.22,clear sky
227,Tutubigan,PH,11.84,125.06,74.5,96,100,1.3,overcast clouds
228,Iranshahr,IR,27.20,60.68,86.34,45,0,4.61,clear sky
229,Hami,CN,42.80,93.45,65.35,31,100,4.88,overcast clouds
230,Pisco,PE,-13.70,-76.22,68.05,60,0,5.75,clear sky
231,Vardo,NO,70.37,31.11,44.58,81,9,8.05,clear sky
232,Anito,PH,12.45,125.29,77.9,88,100,6.51,overcast clouds
233,Coihaique,CL,-45.58,-72.07,56.01,62,75,8.05,broken clouds
234,Sitka,US,57.05,-135.33,57.09,88,100,8.05,moderate rain
235,Harper,LR,4.38,-7.72,76.19,86,53,5.75,broken clouds
236,Vila Franca Do Campo,PT,37.72,-25.43,70.2,78,86,4.43,overcast clouds
237,Bredasdorp,ZA,-34.53,20.04,55.0,96,100,4.34,overcast clouds
238,Fort Smith,US,35.39,-94.40,80.38,25,0,12.66,clear sky
239,Sretensk,RU,52.25,117.71,31.44,91,100,2.15,overcast clouds
240,Lasa,IT,46.62,10.70,50.88,96,100,3.56,overcast clouds
241,Sulangan,PH,11.14,123.72,80.24,76,100,5.61,light rain
242,Hailun,CN,47.45,126.93,46.67,70,91,6.62,overcast clouds
243,Carnarvon,AU,-24.87,113.63,67.46,70,0,17.9,clear sky
244,Kijang,KR,35.24,129.21,62.33,70,0,3.18,clear sky
245,Columbus,US,39.96,-83.00,62.55,62,75,12.66,broken clouds
246,Stornoway,GB,58.21,-6.39,53.56,83,75,19.57,broken clouds
247,Hammerfest,NO,70.66,23.68,45.05,65,0,8.05,clear sky
248,Tezu,IN,27.92,96.17,74.52,73,41,3.06,scattered clouds
249,Esmeraldas,BR,-19.76,-44.31,70.66,71,65,6.85,broken clouds
250,Severo-Kurilsk,RU,50.68,156.12,47.8,75,60,28.66,broken clouds
251,Clarence Town,AU,-32.58,151.78,63.86,93,98,10.4,light rain
252,Mega,ET,4.05,38.30,64.35,50,75,13.91,broken clouds
253,Englewood,US,39.65,-104.99,81.77,26,75,10.36,broken clouds
254,Ballina,AU,-28.87,153.57,65.01,75,43,15.84,scattered clouds
255,Vidim,RU,56.41,103.11,33.78,95,100,8.93,overcast clouds
256,Tahoua,NE,14.89,5.27,87.78,55,20,6.91,thunderstorm
257,Rio Grande,BR,-32.03,-52.10,60.91,74,87,7.52,overcast clouds
258,Bambous Virieux,MU,-20.34,57.76,68.25,88,40,6.91,scattered clouds
259,Belle Fourche,US,44.67,-103.85,89.35,15,48,9.62,scattered clouds
260,Geraldton,AU,-28.77,114.60,63.01,63,40,9.22,scattered clouds
261,Waipawa,NZ,-41.41,175.52,44.22,91,100,13.11,light rain
262,Caxito,AO,-8.58,13.66,74.62,82,100,5.35,light rain
263,Tuy Hoa,VN,13.08,109.30,76.51,89,100,5.55,overcast clouds
264,Nyahururu,KE,0.04,36.37,54.34,72,98,4.23,overcast clouds
265,Petropavlovsk-Kamchatskiy,RU,53.05,158.65,46.99,61,20,13.42,few clouds
266,Atar,MR,20.52,-13.05,92.14,25,16,12.55,few clouds
267,Eyl,SO,7.98,49.82,78.04,79,96,16.91,overcast clouds
268,Eisiskes,LT,54.17,25.00,43.72,83,33,5.39,scattered clouds
269,Shingu,JP,33.73,135.98,68.43,88,2,4.76,clear sky
270,San Cristobal,VE,7.77,-72.22,82.58,66,78,2.91,broken clouds
271,Progreso,MX,21.28,-89.67,85.1,68,35,13.22,scattered clouds
272,Semnan,IR,35.57,53.40,74.61,16,0,4.14,clear sky
273,Longyearbyen,SJ,78.22,15.64,40.84,93,75,4.61,broken clouds
274,Vanimo,PG,-2.67,141.30,79.79,81,93,4.81,overcast clouds
275,Mahon,ES,39.89,4.27,64.96,77,40,5.75,scattered clouds
276,Polunochnoye,RU,60.87,60.42,20.41,94,25,1.54,scattered clouds
277,Sawtell,AU,-30.38,153.10,66.22,59,40,23.02,scattered clouds
278,Tairua,NZ,-37.02,175.85,61.39,97,100,8.34,light rain
279,Piranhas,BR,-16.43,-51.82,83.43,46,75,3.38,broken clouds
280,Rapid Valley,US,44.06,-103.15,92.44,21,0,11.5,clear sky
281,Sistranda,NO,63.73,8.83,49.96,79,95,6.51,overcast clouds
282,Aklavik,CA,68.22,-135.01,33.71,99,84,11.36,broken clouds
283,Salalah,OM,17.02,54.09,78.89,89,75,4.61,broken clouds
284,Rawah,IQ,34.48,41.91,78.87,30,0,9.35,clear sky
285,Baherden,TM,38.44,57.43,74.01,28,0,3.06,clear sky
286,Naryan-Mar,RU,67.67,53.09,27.55,79,12,8.68,few clouds
287,Sibu,MY,2.30,111.82,77.31,94,40,0.0,scattered clouds
288,Clyde River,CA,70.47,-68.59,28.63,93,75,4.61,fog
289,Richards Bay,ZA,-28.78,32.04,70.09,87,23,8.41,few clouds
290,Bathsheba,BB,13.22,-59.52,74.01,94,75,17.27,thunderstorm with light rain
291,Price,US,39.60,-110.81,67.26,55,40,5.75,scattered clouds
292,Narsaq,GL,60.92,-46.05,41.47,86,92,1.5,overcast clouds
293,Tokmak,UA,47.25,35.71,62.29,75,100,7.43,overcast clouds
294,Northam,GB,51.03,-4.22,57.61,84,67,5.19,broken clouds
295,Hamilton,US,39.18,-84.53,67.98,56,20,12.66,few clouds
296,Truckee,US,39.33,-120.18,81.09,27,1,4.0,clear sky
297,Arkhipo-Osipovka,RU,44.37,38.52,64.17,79,5,4.81,clear sky
298,Ketchikan,US,55.34,-131.65,57.67,94,75,14.97,broken clouds
299,Bhim Tal,IN,29.35,79.57,58.17,82,0,4.09,clear sky
300,Sao Joao Da Barra,BR,-21.64,-41.05,69.89,88,100,14.94,overcast clouds
301,Fortuna,US,40.60,-124.16,72.36,71,0,8.99,clear sky
302,Mora,CM,11.05,14.14,77.79,71,76,3.2,broken clouds
303,Tumut,AU,-35.30,148.22,54.12,65,6,4.07,clear sky
304,Oranjestad,AW,12.52,-70.03,85.95,70,20,6.91,few clouds
305,Fort-Shevchenko,KZ,44.51,50.26,69.31,69,81,6.17,broken clouds
306,Rio Gallegos,AR,-51.62,-69.22,50.05,81,75,9.22,broken clouds
307,Glyadyanskoye,RU,54.91,65.09,26.56,72,4,4.56,clear sky
308,Saurimo,AO,-9.66,20.39,65.05,73,33,1.88,light rain
309,Maragogi,BR,-9.01,-35.22,75.25,76,80,8.1,broken clouds
310,Namibe,AO,-15.20,12.15,68.31,86,77,3.47,broken clouds
311,Marsa Matruh,EG,31.35,27.25,80.8,83,0,12.66,clear sky
312,Praia Da Vitoria,PT,38.73,-27.07,70.05,78,75,2.66,broken clouds
313,Wanxian,CN,30.80,108.39,71.96,82,95,2.33,overcast clouds
314,Cap Malheureux,MU,-19.98,57.61,67.46,78,11,15.21,few clouds
315,Narrabri,AU,-30.32,149.78,58.51,78,1,5.01,clear sky
316,Inhambane,MZ,-23.86,35.38,69.33,86,0,6.31,clear sky
317,Cayenne,GF,4.93,-52.33,82.44,78,9,8.05,clear sky
318,Altar,MX,30.70,-111.82,75.78,62,99,11.39,overcast clouds
319,Pozorice,CZ,49.21,16.79,52.79,83,0,1.14,clear sky
320,Burdur,TR,37.72,30.29,65.1,63,0,3.44,clear sky
321,Roma,US,43.21,-75.46,57.63,62,0,6.91,clear sky
322,Santa Rosa,PH,14.31,121.11,79.09,90,82,6.31,broken clouds
323,Santa Cruz,BO,-17.80,-63.17,64.45,63,100,6.91,overcast clouds
324,Houma,US,29.60,-90.72,77.0,49,0,11.43,clear sky
325,Kangalassy,RU,62.35,129.96,28.33,90,47,6.69,scattered clouds
326,Lompoc,US,34.64,-120.46,84.34,69,19,4.0,few clouds
327,Te Anau,NZ,-45.42,167.72,43.47,68,9,5.44,clear sky
328,Cururupu,BR,-1.83,-44.87,77.16,82,66,4.23,broken clouds
329,Bad Wildungen,DE,51.12,9.12,44.91,93,33,3.44,scattered clouds
330,Kununurra,AU,-15.77,128.73,76.98,88,28,3.44,scattered clouds
331,Celestun,MX,20.87,-90.40,82.54,59,24,15.03,few clouds
332,Kieta,PG,-6.22,155.63,83.44,61,20,4.45,few clouds
333,Marsh Harbour,BS,26.54,-77.06,82.89,76,100,22.12,overcast clouds
334,Broome,US,42.25,-75.83,58.66,62,0,11.5,clear sky
335,North Bend,US,43.41,-124.22,67.91,92,100,8.05,haze
336,Petawawa,CA,45.90,-77.33,56.79,53,20,3.44,few clouds
337,Mananara,MG,-16.17,49.77,66.92,89,59,4.09,light rain
338,Tual,ID,-5.67,132.75,82.47,76,100,9.69,overcast clouds
339,Batagay-Alyta,RU,67.80,130.41,19.96,96,100,2.68,overcast clouds
340,Kabalo,CD,-6.05,26.92,69.42,88,95,2.62,overcast clouds
341,Yuci,CN,37.68,112.73,51.55,82,0,2.24,clear sky
342,Tabou,CI,4.42,-7.35,75.79,88,52,5.06,broken clouds
343,Comodoro Rivadavia,AR,-45.87,-67.50,71.46,15,0,11.5,clear sky
344,Ipixuna,BR,-1.76,-48.80,79.99,78,66,9.33,broken clouds
345,Bukachacha,RU,52.98,116.92,26.67,96,100,2.42,overcast clouds
346,Baldwin Park,US,34.09,-117.96,99.66,46,12,3.0,few clouds
347,Vila Do Maio,CV,15.13,-23.22,81.39,86,30,10.89,scattered clouds
348,Nizhnyaya Salda,RU,58.08,60.72,22.86,88,7,5.01,clear sky
349,Presidencia Roque Saenz Pena,AR,-26.79,-60.44,68.92,54,89,6.4,overcast clouds
350,Nouadhibou,MR,20.93,-17.03,76.98,69,36,13.8,scattered clouds
351,Qasigiannguit,GL,68.82,-51.19,33.04,95,100,2.89,overcast clouds
352,Saint Simons,US,31.14,-81.39,62.64,90,100,18.41,heavy intensity rain
353,San Juan,AR,-31.54,-68.54,68.79,32,52,5.84,broken clouds
354,Tautira,PF,-17.73,-149.15,77.5,75,0,16.8,clear sky
355,Elizabeth City,US,36.29,-76.25,68.02,73,75,24.16,broken clouds
356,Yabrud,SY,33.97,36.66,65.98,38,0,4.47,clear sky
357,Fort Nelson,CA,58.81,-122.70,58.59,55,20,3.44,few clouds
358,Brazzaville,CG,-4.27,15.28,77.31,57,82,1.03,light rain
359,Bonoua,CI,5.27,-3.60,76.62,93,60,4.25,broken clouds
360,Muli,MV,2.92,73.57,79.84,79,100,21.81,moderate rain
361,Nuuk,GL,64.18,-51.72,34.88,100,100,5.01,overcast clouds
362,Sao Gabriel Da Cachoeira,BR,-0.13,-67.09,93.0,49,20,4.61,few clouds
363,Rodrigues Alves,BR,-7.74,-72.65,80.8,93,100,5.68,heavy intensity rain
364,Salimpur,IN,28.13,76.28,79.56,61,0,3.8,clear sky
365,Ugoofaaru,MV,5.67,73.00,80.28,78,91,10.89,light rain
366,College,US,64.86,-147.80,57.29,50,75,1.01,broken clouds
367,Thunder Bay,CA,48.40,-89.32,58.98,55,75,11.5,broken clouds
368,Khirkiya,IN,22.17,76.86,74.3,79,35,2.51,scattered clouds
369,Biltine,TD,14.53,20.92,80.08,57,75,11.52,broken clouds
370,Bose,IT,45.46,8.01,57.16,79,84,5.17,broken clouds
371,Vierzon,FR,47.21,2.06,50.38,78,100,3.98,overcast clouds
372,Basco,PH,20.45,121.97,83.64,74,61,16.28,broken clouds
373,Atikokan,CA,48.76,-91.62,63.28,39,27,9.06,scattered clouds
374,Palmer,US,42.16,-72.33,63.64,60,40,10.36,scattered clouds
375,Tuatapere,NZ,-46.13,167.68,43.79,72,94,3.62,overcast clouds
376,Kushima,JP,31.46,131.23,71.8,90,7,4.0,clear sky
377,Karratha,AU,-20.74,116.85,70.48,75,2,9.46,clear sky
378,Itoman,JP,26.12,127.67,78.82,83,20,3.44,few clouds
379,Wilmington,US,34.23,-77.94,66.11,78,100,18.41,moderate rain
380,Puerto El Triunfo,SV,13.28,-88.55,78.64,87,100,3.51,overcast clouds
381,Sassandra,CI,4.95,-6.08,74.12,93,23,4.5,few clouds
382,Springfield,US,37.22,-93.30,73.33,36,0,5.01,clear sky
383,Kaohsiung,TW,22.62,120.31,80.04,85,40,2.3,scattered clouds
384,Vanavara,RU,60.34,102.28,23.88,82,30,4.14,scattered clouds
385,Visby,SE,57.64,18.30,48.06,93,75,4.61,broken clouds
386,Pokhara,NP,28.23,83.98,66.13,82,46,4.7,scattered clouds
387,Brownsville,US,25.90,-97.50,89.6,50,40,14.97,scattered clouds
388,Kyzyl,RU,51.70,94.45,36.77,56,97,10.94,overcast clouds
389,Ponta Delgada,PT,37.73,-25.67,70.5,72,75,4.61,broken clouds
390,Opuwo,NA,-18.06,13.84,68.72,33,22,4.97,few clouds
391,Nagornyy,RU,52.80,83.55,25.83,89,82,10.85,broken clouds
392,Inzhavino,RU,52.32,42.49,53.69,81,97,3.24,overcast clouds
393,Morondava,MG,-20.28,44.28,73.33,88,9,6.55,clear sky
394,Orchard Homes,US,46.86,-114.05,64.6,55,100,14.97,overcast clouds
395,Port Macquarie,AU,-31.43,152.92,62.89,94,75,13.8,broken clouds
396,Moron,AR,-34.65,-58.62,62.8,58,100,8.86,overcast clouds
397,Quelimane,MZ,-17.88,36.89,73.35,88,40,2.3,scattered clouds
398,Nexo,DK,55.06,15.13,48.29,68,32,6.46,scattered clouds
399,Kavieng,PG,-2.57,150.80,83.71,69,89,12.24,overcast clouds
400,Christchurch,NZ,-43.53,172.63,45.41,81,100,10.36,light rain
401,Kenai,US,60.55,-151.26,49.08,93,75,13.8,light rain
402,Alexandria,EG,31.22,29.96,77.54,69,0,8.23,clear sky
403,Serenje,ZM,-13.23,30.24,66.88,42,48,5.91,scattered clouds
404,Bekhtery,UA,46.25,32.29,66.9,90,46,12.26,scattered clouds
405,Brae,GB,60.40,-1.35,52.56,89,91,16.46,overcast clouds
406,Los Llanos De Aridane,ES,28.66,-17.92,67.75,83,75,16.11,broken clouds
407,Grindavik,IS,63.84,-22.43,50.47,93,100,1.14,light intensity drizzle
408,Soe,ID,-9.86,124.28,67.41,90,15,3.0,few clouds
409,Sinegorye,RU,62.08,150.48,26.26,95,100,4.63,light snow
410,Tarko-Sale,RU,64.92,77.78,26.85,87,24,8.46,few clouds
411,Stolin,BY,51.89,26.85,48.67,98,100,5.5,overcast clouds
412,Champerico,GT,14.30,-91.92,91.94,75,40,9.4,scattered clouds
413,Klaksvik,FO,62.23,-6.59,49.12,90,100,31.32,light rain
414,Semirom,IR,31.42,51.57,55.45,19,0,2.46,clear sky
415,Oktyabrskoye,RU,43.06,44.74,51.94,94,6,6.71,clear sky
416,Solnechnyy,RU,50.72,136.63,43.75,89,88,1.88,overcast clouds
417,Sapa,PH,5.15,120.32,82.42,77,82,8.57,broken clouds
418,Lithakia,GR,37.72,20.83,65.57,72,0,4.65,clear sky
419,Maceio,BR,-9.67,-35.74,76.44,83,0,9.22,clear sky
420,Savannah Bight,HN,16.45,-85.85,81.46,75,91,16.24,overcast clouds
421,Hirado,JP,33.36,129.55,65.39,79,12,11.23,few clouds
422,Bilibino,RU,68.05,166.44,22.73,63,36,3.53,scattered clouds
423,Kaseda,JP,31.42,130.32,72.79,83,0,3.04,clear sky
424,Santiago Del Estero,AR,-27.80,-64.26,72.68,29,46,5.17,scattered clouds
425,Aksu,CN,41.12,80.26,65.17,28,100,3.27,overcast clouds
426,Saint Anthony,US,45.02,-93.22,71.15,32,0,14.97,clear sky
427,Formosa,AR,-26.18,-58.18,64.38,88,100,9.22,overcast clouds
428,Xai-Xai,MZ,-25.05,33.64,68.54,85,0,8.93,clear sky
429,Stokmarknes,NO,68.56,14.91,51.76,81,100,5.75,overcast clouds
430,Petatlan,MX,17.52,-101.27,82.36,72,96,2.19,overcast clouds
431,Lubbock,US,33.60,-101.83,88.38,22,20,11.5,few clouds
432,Ucluelet,CA,48.93,-125.55,61.11,93,2,1.01,clear sky
433,Roald,NO,62.58,6.13,52.32,87,0,5.75,clear sky
434,Maarianhamina,AX,60.10,19.93,40.86,100,20,3.44,few clouds
435,Brenham,US,30.17,-96.40,91.06,26,0,0.0,clear sky
436,Siocon,PH,7.71,122.14,78.24,87,100,4.36,overcast clouds
437,Gouyave,GD,12.16,-61.73,81.37,78,40,11.5,scattered clouds
438,Olinda,BR,-8.01,-34.86,78.53,69,20,9.22,few clouds
439,Jutogh,IN,31.10,77.12,54.1,77,0,5.53,clear sky
440,Vung Tau,VN,10.35,107.08,79.27,83,98,7.18,moderate rain
441,Tupa,BR,-21.93,-50.51,67.08,73,100,13.0,overcast clouds
442,San Policarpo,PH,12.18,125.51,80.28,79,100,8.01,overcast clouds
443,Fukue,JP,32.69,128.84,72.66,67,0,12.91,clear sky
444,San Jeronimo,PE,-11.95,-75.28,48.04,84,68,11.21,broken clouds
445,Chernyshevskiy,RU,63.01,112.47,20.57,87,16,2.91,few clouds
446,Warwick,US,41.70,-71.42,65.44,66,75,5.75,broken clouds
447,Prince Albert,CA,53.20,-105.77,76.95,38,100,8.05,overcast clouds
448,Mackenzie,CA,55.30,-123.17,66.42,55,0,3.44,clear sky
449,Okakarara,NA,-20.58,17.43,69.76,23,6,4.81,clear sky
450,Padang,ID,-0.95,100.35,76.59,84,96,4.14,overcast clouds
451,Micheweni,TZ,-4.97,39.83,74.86,79,36,11.54,scattered clouds
452,Necochea,AR,-38.55,-58.74,55.8,49,100,12.8,overcast clouds
453,Bisert,RU,56.86,59.05,25.59,85,7,9.93,clear sky
454,Ampanihy,MG,-24.70,44.75,66.24,63,0,4.03,clear sky
455,Mongo,TD,12.18,18.69,77.47,72,2,1.72,clear sky
456,Kendari,ID,-3.94,122.50,76.69,91,33,3.56,scattered clouds
457,Barranca,PE,-10.75,-77.77,62.35,77,3,11.95,clear sky
458,Lavrentiya,RU,65.58,-171.00,38.03,65,62,14.92,broken clouds
459,Japura,ID,-0.32,102.35,72.97,98,100,2.46,overcast clouds
460,Havelock,US,34.88,-76.90,68.0,81,100,25.32,overcast clouds
461,Ibipeba,BR,-11.64,-42.01,81.77,26,40,9.64,scattered clouds
462,Faanui,PF,-16.48,-151.75,78.76,70,17,17.34,few clouds
463,Pochutla,MX,15.74,-96.47,85.82,80,78,2.84,broken clouds
464,Taltal,CL,-25.40,-70.48,59.97,70,23,5.91,few clouds
465,Bagdarin,RU,54.43,113.60,22.14,93,81,2.46,broken clouds
466,Gonen,TR,40.10,27.65,69.03,35,0,6.35,clear sky
467,Margate,GB,51.38,1.39,50.7,70,18,1.01,few clouds
468,Robat Karim,IR,35.48,51.08,80.46,12,0,0.92,clear sky
469,Vetluga,RU,57.86,45.78,40.44,99,100,3.04,overcast clouds
470,Kajaani,FI,64.23,27.73,33.85,100,100,4.61,light rain
471,The Valley,AI,18.22,-63.06,81.1,83,20,14.97,few clouds
472,Tomatlan,MX,19.93,-105.25,87.24,64,28,6.55,scattered clouds
473,Fuldatal,DE,51.38,9.57,44.91,93,20,0.0,few clouds
474,Zarate,AR,-34.10,-59.03,62.82,53,100,5.99,overcast clouds
475,Preobrazheniye,RU,42.90,133.91,60.03,81,1,5.19,clear sky
476,Atmakur,IN,15.88,78.58,74.62,92,100,3.67,overcast clouds
477,Tecoanapa,MX,16.52,-98.75,84.67,70,20,10.13,few clouds
478,Onega,RU,63.91,38.14,33.94,97,100,9.71,light snow
479,Villarrica,PY,-25.75,-56.43,61.68,98,100,4.43,overcast clouds
480,Mehamn,NO,71.04,27.85,40.91,87,0,8.05,clear sky
481,Asfi,MA,32.30,-9.24,67.87,73,1,12.19,clear sky
482,San Vicente,AR,-26.62,-54.13,57.78,94,100,3.33,light rain
483,Barinas,VE,8.62,-70.21,82.44,78,100,4.61,overcast clouds
484,Rocha,UY,-34.48,-54.33,49.1,87,100,4.65,overcast clouds
485,Nha Trang,VN,12.25,109.18,78.8,87,98,4.16,overcast clouds
486,Santa Vitoria Do Palmar,BR,-33.52,-53.37,53.4,80,100,5.26,overcast clouds
487,Zalantun,CN,48.00,122.72,45.05,70,99,6.51,overcast clouds
488,Cockburn Town,TC,21.46,-71.14,81.36,74,14,9.31,few clouds
489,Teguldet,RU,57.31,88.17,25.09,99,71,4.32,broken clouds
490,Varnamo,SE,57.19,14.04,42.28,71,99,1.01,overcast clouds
491,Praya,CV,14.92,-23.51,81.14,78,20,12.66,few clouds
492,San Angelo,US,31.46,-100.44,92.1,23,0,5.75,clear sky
493,Wote,KE,-1.78,37.63,63.07,84,95,6.26,overcast clouds
494,Puerto Escondido,MX,15.85,-97.07,83.16,78,32,6.22,scattered clouds
495,Hit,IQ,33.64,42.83,80.19,33,0,9.66,clear sky
496,Huayucachi,PE,-12.13,-75.23,51.06,79,60,7.78,broken clouds
497,Saldanha,ZA,-33.01,17.94,59.05,87,86,15.57,overcast clouds
498,Taoudenni,ML,22.68,-3.98,92.7,14,0,10.36,clear sky
499,Vengerovo,RU,55.68,76.75,24.3,91,32,10.49,scattered clouds
500,Pandan,PH,14.05,124.17,78.15,86,100,5.68,overcast clouds
501,Onverwacht,SR,5.58,-55.18,93.2,43,40,6.91,scattered clouds
502,Grimshaw,CA,56.18,-117.60,51.42,93,100,5.75,light intensity shower rain
503,Guarapari,BR,-20.67,-40.50,69.89,95,99,9.98,overcast clouds
504,Gornopravdinsk,RU,60.05,69.90,24.28,82,14,4.54,few clouds
505,Sri Aman,MY,1.24,111.46,77.09,94,100,0.0,overcast clouds
506,Mayor Pablo Lagerenza,PY,-19.93,-60.77,62.73,65,100,1.45,overcast clouds
507,Sotnikovo,RU,51.88,107.48,28.49,93,24,2.24,few clouds
508,Aksarka,RU,66.56,67.80,26.49,87,55,4.59,broken clouds
509,Pervomayskoye,RU,43.92,46.71,67.39,59,64,1.9,broken clouds
510,Amambai,BR,-23.10,-55.23,62.17,95,100,1.88,overcast clouds
511,Saint-Joseph,RE,-21.37,55.62,68.38,82,35,14.38,light rain
512,Kirakira,SB,-10.45,161.92,83.68,73,27,7.43,scattered clouds
513,Awbari,LY,26.59,12.78,88.21,14,58,10.02,broken clouds
514,Manavalakurichi,IN,8.13,77.30,77.86,86,100,12.39,overcast clouds
515,Walvis Bay,NA,-22.96,14.51,57.09,88,1,1.14,clear sky
516,Mahibadhoo,MV,3.78,72.97,79.63,80,99,25.5,light rain
517,Potiskum,NG,11.71,11.07,76.59,75,14,6.29,light rain
518,Jhelum,PK,32.93,73.73,78.48,58,0,2.1,clear sky
519,Rochegda,RU,62.80,43.25,33.93,97,100,8.72,snow
520,Kuito,AO,-12.38,16.93,59.14,74,54,5.59,broken clouds
521,Batemans Bay,AU,-35.72,150.18,57.09,85,94,10.25,overcast clouds
522,Milkovo,RU,54.72,158.62,41.94,75,18,7.11,few clouds
523,Kidal,ML,18.44,1.41,95.2,19,90,6.87,overcast clouds
524,Khorixas,NA,-20.37,14.97,67.68,28,2,4.36,clear sky
525,Manuk Mangkaw,PH,4.80,119.85,83.25,76,95,11.16,light rain
526,Siilinjarvi,FI,63.08,27.67,39.22,87,100,6.91,overcast clouds
527,Limoeiro Do Ajuru,BR,-1.90,-49.38,83.34,72,61,9.66,broken clouds
528,Homer,US,59.64,-151.55,51.67,90,100,5.99,moderate rain
529,Coquimbo,CL,-29.95,-71.34,55.13,87,100,9.22,overcast clouds
530,Nyurba,RU,63.28,118.33,23.47,95,91,3.96,overcast clouds
531,Jalingo,NG,8.88,11.37,72.86,91,12,2.91,few clouds
532,Saiha,IN,22.48,92.97,68.74,97,89,2.91,overcast clouds
533,Baykit,RU,61.67,96.37,26.11,79,93,3.09,overcast clouds
534,Kahului,US,20.89,-156.47,87.82,70,40,21.85,scattered clouds
535,Lazaro Cardenas,MX,17.96,-102.20,84.16,70,32,5.55,scattered clouds
536,Sabla,NG,12.75,4.71,81.46,69,49,6.89,scattered clouds
537,Dolores,AR,-36.31,-57.68,50.27,56,100,7.81,overcast clouds
538,Tucupita,VE,9.06,-62.05,76.64,95,100,4.14,overcast clouds
539,Sungaipenuh,ID,-2.08,101.38,62.74,93,100,3.47,overcast clouds
540,Misratah,LY,32.38,15.09,78.57,79,2,16.42,clear sky
541,Long Xuyen,VN,10.38,105.42,75.15,91,100,5.01,overcast clouds
542,Havoysund,NO,71.00,24.66,44.83,80,76,13.04,broken clouds
543,Zaragoza,ES,41.66,-0.88,61.02,56,20,23.02,few clouds
544,Fez,MA,34.04,-5.00,62.85,77,40,10.36,scattered clouds
545,Wittmund,DE,53.57,7.78,53.02,96,82,4.61,broken clouds
546,Tecolutla,MX,20.48,-97.02,77.63,74,45,15.41,scattered clouds
547,Axim,GH,4.87,-2.24,75.13,90,18,5.37,few clouds
548,Hualmay,PE,-11.10,-77.61,63.93,74,9,12.06,clear sky
549,Dourbali,TD,11.81,15.86,79.39,66,48,5.77,scattered clouds
550,Half Moon Bay,US,37.46,-122.43,86.58,74,0,14.97,haze
551,Alekseyevskoye,RU,55.31,50.11,46.2,93,100,8.08,overcast clouds
552,Benguela,AO,-12.58,13.41,73.56,87,98,2.82,overcast clouds
553,Guerrero Negro,MX,27.98,-114.06,80.83,60,0,13.33,clear sky
554,Auki,SB,-8.77,160.70,83.05,69,24,3.13,few clouds
555,Gizo,SB,-8.10,156.84,83.05,70,9,10.42,clear sky
556,Vangaindrano,MG,-23.35,47.60,62.91,82,2,3.8,clear sky
557,Nemuro,JP,43.32,145.57,59.36,75,5,10.31,clear sky
558,Dudinka,RU,69.41,86.18,29.62,95,100,7.4,overcast clouds
559,Palembang,ID,-2.92,104.75,78.89,89,20,3.44,few clouds
560,Ilhabela,BR,-23.78,-45.36,64.17,90,100,8.59,overcast clouds
561,Kachug,RU,53.96,105.88,34.7,92,100,3.24,overcast clouds
562,Katangli,RU,51.71,143.23,42.87,83,100,5.3,light rain
563,Ancud,CL,-41.87,-73.82,51.13,87,100,5.17,overcast clouds
564,Palauig,PH,15.44,119.90,79.2,79,76,4.74,broken clouds
565,Turukhansk,RU,65.82,87.98,22.57,92,91,6.44,overcast clouds
566,Bairiki,KI,1.33,172.98,84.2,74,20,12.66,light rain
567,Berbera,SO,10.44,45.01,87.73,69,60,8.79,broken clouds
568,Linhares,BR,-19.39,-40.07,71.83,85,96,9.93,overcast clouds
569,Kaoma,ZM,-14.78,24.80,70.36,35,64,6.6,broken clouds
570,Maningrida,AU,-12.07,134.27,77.47,76,45,10.25,scattered clouds
571,Bosaso,SO,11.28,49.18,87.51,54,26,9.28,scattered clouds
572,Muroto,JP,33.28,134.15,73.51,73,0,6.87,clear sky
573,Mananjary,MG,-21.22,48.33,62.38,83,0,3.67,clear sky
574,Codrington,AU,-38.27,141.97,50.77,89,80,9.26,broken clouds
575,Cabra,ES,37.47,-4.44,59.9,79,61,6.24,broken clouds
576,Emba,KZ,48.83,58.14,50.81,33,100,16.58,overcast clouds
577,Chumikan,RU,54.72,135.31,36.54,85,97,14.67,overcast clouds
578,Iroquois Falls,CA,48.77,-80.68,53.6,64,14,6.15,few clouds
579,Tatawin,TN,32.93,10.45,76.44,29,33,5.3,scattered clouds
580,Kismayo,SO,-0.36,42.55,76.3,84,33,16.93,scattered clouds
581,Mantua,IT,45.17,10.78,60.35,84,100,5.01,overcast clouds
582,Akdepe,TM,42.06,59.38,62.69,33,35,13.31,scattered clouds
583,Luba,GQ,3.46,8.55,76.89,86,27,3.2,scattered clouds
584,Simbahan,PH,6.30,120.58,82.81,74,100,3.51,overcast clouds
585,Naze,JP,28.37,129.48,74.32,79,14,7.54,few clouds
586,Todos Santos,MX,23.45,-110.22,84.65,63,2,8.52,clear sky
587,Lesnoy,RU,57.62,63.08,23.72,77,6,4.25,clear sky
588,Sfantu Gheorghe,RO,45.87,25.78,50.94,87,13,2.08,few clouds
589,Agadez,NE,19.75,10.25,90.25,14,16,9.64,few clouds
590,Avera,US,33.19,-82.53,68.05,49,100,18.66,overcast clouds
591,Camacha,PT,33.08,-16.33,67.42,73,75,13.8,broken clouds
592,Pingliang,CN,35.54,106.69,57.65,76,100,1.45,overcast clouds
593,Lazarev,RU,52.23,141.51,44.94,68,100,2.8,overcast clouds
594,Novoagansk,RU,61.94,76.66,25.41,70,31,8.05,scattered clouds
595,Manjacaze,MZ,-24.71,33.88,65.84,88,0,6.55,clear sky
596,Loubomo,CG,-4.20,12.67,73.56,83,36,2.57,light rain
597,Katsuura,JP,35.13,140.30,69.4,79,100,8.25,overcast clouds
598,Idritsa,RU,56.33,28.90,43.5,98,70,4.81,broken clouds
599,Alta Floresta,BR,-9.88,-56.09,83.98,40,70,4.03,broken clouds
600,West Bay,KY,19.37,-81.42,88.07,77,40,8.05,scattered clouds
601,Svencionys,LT,55.15,26.17,41.23,94,29,4.81,scattered clouds
602,Tharad,IN,24.40,71.63,79.88,70,42,7.23,scattered clouds
603,Yinchuan,CN,38.47,106.27,66.97,43,50,6.4,scattered clouds
604,Lorengau,PG,-2.02,147.27,81.72,79,99,9.4,overcast clouds
605,Barabai,ID,-2.58,115.38,73.99,96,100,2.71,overcast clouds
606,Dongobesh,TZ,-4.07,35.38,53.96,81,51,7.47,broken clouds
607,Tra Vinh,VN,9.93,106.35,75.42,94,99,3.91,heavy intensity rain
608,Coahuayana,MX,18.73,-103.68,85.95,70,74,3.53,broken clouds
609,Carutapera,BR,-1.20,-46.02,79.75,77,56,9.4,broken clouds
610,Hobyo,SO,5.35,48.53,76.98,83,85,19.01,overcast clouds
611,La Rinconada,ES,37.49,-5.98,65.05,89,0,5.75,clear sky
612,Monastyrshchina,RU,54.35,31.84,50.0,83,99,8.08,light rain
613,Madanapalle,IN,13.55,78.50,71.06,87,100,12.3,overcast clouds
614,Thornbury,GB,52.23,-2.55,51.3,94,47,2.86,scattered clouds
615,Mayumba,GA,-3.43,10.66,74.89,87,27,3.18,light rain
616,Ust-Kishert,RU,57.37,57.25,28.72,78,27,13.09,scattered clouds
617,Nieuw Amsterdam,SR,5.88,-55.08,93.36,72,20,2.3,few clouds
618,Zanjan,IR,36.67,48.48,65.88,37,0,5.64,clear sky
619,Gola Gokarannath,IN,28.08,80.47,73.54,82,2,2.37,clear sky
620,Luancheng,CN,37.88,114.65,60.96,47,14,4.38,few clouds
621,Merke,KZ,42.87,73.18,54.23,44,100,3.53,overcast clouds
622,Barra,BR,-11.09,-43.14,84.04,34,10,7.02,clear sky
623,Panguna,PG,-6.32,155.48,77.97,56,9,1.61,clear sky
624,Charlestown,AU,-32.95,151.67,63.73,94,92,13.0,light rain
625,Okha,RU,53.57,142.95,41.86,64,100,2.77,overcast clouds
626,Oriximina,BR,-1.77,-55.87,87.35,47,54,5.73,broken clouds
627,Boa Vista,BR,2.82,-60.67,93.18,40,40,6.91,scattered clouds
628,Xuanhua,CN,40.61,115.04,63.39,54,3,3.47,clear sky
629,Santa Luzia,BR,-19.77,-43.85,70.7,76,75,11.5,broken clouds
630,Megion,RU,61.03,76.11,32.02,74,28,8.39,scattered clouds
631,Bonthe,SL,7.53,-12.51,74.19,93,100,2.64,light rain
632,Nhulunbuy,AU,-12.23,136.77,81.21,78,70,9.22,broken clouds
633,Kloulklubed,PW,7.04,134.26,82.76,76,8,12.48,clear sky
634,Cervo,ES,43.67,-7.41,56.97,73,29,8.43,scattered clouds
635,Tulun,RU,54.56,100.58,38.68,95,100,8.28,light rain
636,Ventspils,LV,57.39,21.56,37.33,100,100,2.3,fog
637,Arbazh,RU,57.68,48.31,39.52,98,100,6.51,overcast clouds
638,Yerbogachen,RU,61.28,108.01,22.78,82,16,3.6,few clouds
639,Altay,CN,47.87,88.12,30.96,65,97,5.39,overcast clouds
640,Yendi,GH,9.44,-0.01,73.0,93,85,3.76,overcast clouds
641,Leningradskiy,RU,69.38,178.42,23.49,73,68,7.56,broken clouds
642,Voi,KE,-3.39,38.56,68.63,81,81,8.72,broken clouds
643,Pasni,PK,25.26,63.47,78.08,80,2,9.35,clear sky
644,Buraydah,SA,26.33,43.98,79.25,15,0,9.51,clear sky
645,Birin,NP,26.89,88.07,60.55,86,5,4.81,clear sky
646,Inongo,CD,-1.95,18.27,70.75,91,86,4.25,overcast clouds
647,Holbeach,GB,52.80,0.01,53.58,92,5,12.66,clear sky
648,Umm Kaddadah,SD,13.60,26.69,88.43,31,7,6.55,clear sky
649,Oxford,GB,51.75,-1.26,52.77,89,0,5.75,clear sky
650,Gorom-Gorom,BF,14.44,-0.24,89.76,39,11,12.37,few clouds
651,Puerto Madryn,AR,-42.77,-65.04,71.22,38,0,22.1,clear sky
652,Mitu,CO,1.20,-70.17,82.56,62,86,2.3,overcast clouds
653,Paamiut,GL,61.99,-49.67,40.08,78,100,18.54,overcast clouds
654,Puri,IN,19.80,85.85,79.32,84,54,5.23,broken clouds
655,Arica,CL,-18.48,-70.30,65.75,72,40,14.97,scattered clouds
656,Dubai,AE,25.26,55.30,89.53,48,0,5.75,clear sky
657,Shulan,CN,44.42,126.95,59.54,76,31,9.33,scattered clouds
658,Kalundborg,DK,55.68,11.09,49.33,86,99,18.7,overcast clouds
659,Alofi,NU,-19.06,-169.92,76.89,65,2,18.41,clear sky
660,Haines Junction,CA,60.75,-137.51,58.95,51,98,4.61,overcast clouds
661,Barmer,IN,25.75,71.38,82.26,54,15,8.12,few clouds
662,Jimenez,MX,28.33,-105.40,83.17,23,19,8.1,few clouds
663,Edd,ER,13.93,41.69,89.51,64,84,2.68,broken clouds
664,Toamasina,MG,-18.17,49.38,64.4,100,40,5.75,scattered clouds
665,Suez,EG,29.97,32.53,77.83,61,0,10.76,clear sky
666,Bac Lieu,VN,9.29,105.72,77.72,88,98,9.1,moderate rain
667,Khash,IR,28.22,61.22,67.51,22,0,0.76,clear sky
668,Husavik,IS,66.04,-17.34,45.75,83,100,7.09,overcast clouds
669,Bahile,PH,10.00,118.79,78.67,84,100,2.93,overcast clouds
670,Bonavista,CA,48.65,-53.11,54.12,93,100,7.85,light rain
671,Nokaneng,BW,-19.67,22.27,70.99,29,9,6.69,clear sky
672,Carballo,ES,43.21,-8.69,59.86,90,14,3.24,few clouds
673,Taunggyi,MM,20.78,97.03,62.17,94,100,3.0,overcast clouds
674,Trabzon,TR,40.92,39.83,64.49,88,0,5.75,clear sky
675,Lianzhou,CN,24.78,112.38,75.97,83,100,1.23,overcast clouds
676,Kars,TR,40.60,43.09,53.64,65,8,3.91,clear sky
677,Hassleholm,SE,56.16,13.77,46.35,95,99,3.78,overcast clouds
678,Ottawa,CA,45.41,-75.70,58.01,55,20,3.44,few clouds
679,Nara,JP,34.69,135.80,66.49,71,0,2.42,clear sky
680,Miles City,US,46.41,-105.84,86.99,15,100,7.52,overcast clouds
681,Conceicao Do Araguaia,BR,-8.26,-49.26,90.64,23,18,2.86,few clouds
682,Imbituba,BR,-28.24,-48.67,60.1,68,100,5.14,overcast clouds
683,Quthing,LS,-30.40,27.70,67.24,41,14,4.09,few clouds
684,Daru,PG,-9.08,143.21,80.04,87,83,13.73,broken clouds
685,Seryshevo,RU,51.09,128.38,38.89,88,83,4.32,broken clouds
686,Saint-Georges,GD,12.06,-61.75,82.08,78,40,11.5,scattered clouds
687,Manokwari,ID,-0.87,134.08,78.73,73,64,3.78,broken clouds
688,Trojan,PL,53.79,20.24,45.84,86,91,5.84,overcast clouds
689,Paralimni,CY,35.04,33.98,85.08,66,0,4.03,clear sky
690,Biskamzha,RU,53.45,89.53,23.76,95,98,4.34,light snow
691,Berezovka,BY,53.72,25.50,42.55,87,40,3.58,scattered clouds
692,Zhanaozen,KZ,43.30,52.80,65.73,29,38,9.33,scattered clouds
693,Ozinki,RU,51.18,49.68,57.7,93,10,5.64,clear sky
694,Wahpeton,US,46.27,-96.61,77.02,23,0,24.16,clear sky
695,Vilyuysk,RU,63.76,121.62,24.08,96,87,4.18,overcast clouds
696,Diamantino,BR,-14.41,-56.45,76.82,82,79,9.95,broken clouds
